S.No,Organization Name,Tender Count,Link
2,All India Institute of Medical Science-New Delhi,30,https://eprocure.gov.in/eprocure/app?component=%24DirectLink&page=FrontEndTendersByOrganisation&service=direct&session=T&sp=S4A3luOFQ%2FvwGgTcCRWGKOdS0Fec7wUuNy1YFXyqSerE%3D
3,All India Institute of Medical Sciences Bathinda,2,https://eprocure.gov.in/eprocure/app?component=%24DirectLink&page=FrontEndTendersByOrganisation&service=direct&session=T&sp=S4ePVLxl0C%2FZRSycXZl7N5dS0Fec7wUuNy1YFXyqSerE%3D
4,All India Institute of Medical Sciences-Bhopal,18,https://eprocure.gov.in/eprocure/app?component=%24DirectLink&page=FrontEndTendersByOrganisation&service=direct&session=T&sp=SkT8lKr1T15bI9T8iFwDcRdS0Fec7wUuNy1YFXyqSerE%3D
5,All India Institute of Medical Sciences-Bhubaneswar,10,https://eprocure.gov.in/eprocure/app?component=%24DirectLink&page=FrontEndTendersByOrganisation&service=direct&session=T&sp=S7p9NW8GL6c9Yog%2F8WpfNt9S0Fec7wUuNy1YFXyqSerE%3D
6,All india Institute of Medical Sciences Bilaspur,3,https://eprocure.gov.in/eprocure/app?component=%24DirectLink&page=FrontEndTendersByOrganisation&service=direct&session=T&sp=Si3K%2B8CFRkf6B5PY5ldt5Q9S0Fec7wUuNy1YFXyqSerE%3D
7,All India Institute of Medical Sciences-Jodhpur,8,https://eprocure.gov.in/eprocure/app?component=%24DirectLink&page=FrontEndTendersByOrganisation&service=direct&session=T&sp=SMNxuS6rsnrHHqcqxscR8O9S0Fec7wUuNy1YFXyqSerE%3D
8,All India Institute of Medical Sciences-Mangalagiri-Andhra Pradesh,2,https://eprocure.gov.in/eprocure/app?component=%24DirectLink&page=FrontEndTendersByOrganisation&service=direct&session=T&sp=SQSSRD56QZ8x1d%2FNLsB9NX9S0Fec7wUuNy1YFXyqSerE%3D
9,All India Institute of Medical Sciences-Patna,9,https://eprocure.gov.in/eprocure/app?component=%24DirectLink&page=FrontEndTendersByOrganisation&service=direct&session=T&sp=SKdvjKWKGeCO34kM%2Bps2ZpdS0Fec7wUuNy1YFXyqSerE%3D
10,All India Institute of Medical Sciences-Raebareli,20,https://eprocure.gov.in/eprocure/app?component=%24DirectLink&page=FrontEndTendersByOrganisation&service=direct&session=T&sp=SThhcACMYrrhqob4hXOrp5tS0Fec7wUuNy1YFXyqSerE%3D
11,All India Institute of Medical Sciences-Raipur,9,https://eprocure.gov.in/eprocure/app?component=%24DirectLink&page=FrontEndTendersByOrganisation&service=direct&session=T&sp=SKxl5u9fdQq5UaKdSklLsE9S0Fec7wUuNy1YFXyqSerE%3D
12,All India Institute of Medical Sciences-Rishikesh,27,https://eprocure.gov.in/eprocure/app?component=%24DirectLink&page=FrontEndTendersByOrganisation&service=direct&session=T&sp=SH0y50e60DYLlijizsUlZzNS0Fec7wUuNy1YFXyqSerE%3D
13,Andaman Lakshadweep Harbour Works,10,https://eprocure.gov.in/eprocure/app?component=%24DirectLink&page=FrontEndTendersByOrganisation&service=direct&session=T&sp=SAvEMhMoVKwcXxKpkKUvCKNS0Fec7wUuNy1YFXyqSerE%3D
14,Archaeological Survey of India,61,https://eprocure.gov.in/eprocure/app?component=%24DirectLink&page=FrontEndTendersByOrganisation&service=direct&session=T&sp=SlH5IfgFM7K5uTG9HWHRwb9S0Fec7wUuNy1YFXyqSerE%3D
15,Assam Rifles - MHA,24,https://eprocure.gov.in/eprocure/app?component=%24DirectLink&page=FrontEndTendersByOrganisation&service=direct&session=T&sp=SwjiyUIkiTniTfPDydgYaRtS0Fec7wUuNy1YFXyqSerE%3D
16,Atomic Minerals Directorate for Exploration and Research,3,https://eprocure.gov.in/eprocure/app?component=%24DirectLink&page=FrontEndTendersByOrganisation&service=direct&session=T&sp=SQJPscyoIIVzutFbnw1LnkdS0Fec7wUuNy1YFXyqSerE%3D
17,Automotive Research Association of India,18,https://eprocure.gov.in/eprocure/app?component=%24DirectLink&page=FrontEndTendersByOrganisation&service=direct&session=T&sp=SeWyU3GpGXiwLfDM8gleCN9S0Fec7wUuNy1YFXyqSerE%3D
18,Banaras Hindu University,14,https://eprocure.gov.in/eprocure/app?component=%24DirectLink&page=FrontEndTendersByOrganisation&service=direct&session=T&sp=Soi8YL5JJ%2Fm1FjHBMjEAsnNS0Fec7wUuNy1YFXyqSerE%3D
19,Bhabha Atomic Research Centre,38,https://eprocure.gov.in/eprocure/app?component=%24DirectLink&page=FrontEndTendersByOrganisation&service=direct&session=T&sp=Sgmutrp7bK%2Bn0WYXHFVsGUNS0Fec7wUuNy1YFXyqSerE%3D
20,Bharat Sanchar Nigam Limited,2,https://eprocure.gov.in/eprocure/app?component=%24DirectLink&page=FrontEndTendersByOrganisation&service=direct&session=T&sp=SJPPt56C0f%2FcYy5o1yJAWvQ%3D%3D
21,Board of Radiation and Isotope Technology,1,https://eprocure.gov.in/eprocure/app?component=%24DirectLink&page=FrontEndTendersByOrganisation&service=direct&session=T&sp=SSm4AQA90C9FlTMwvjtJaf9S0Fec7wUuNy1YFXyqSerE%3D
22,Brahmaputra Board,1,https://eprocure.gov.in/eprocure/app?component=%24DirectLink&page=FrontEndTendersByOrganisation&service=direct&session=T&sp=SJWEr7phbA7UYx2Mp2yV7MtS0Fec7wUuNy1YFXyqSerE%3D
23,Bridge and Roof Company (India) Limited,30,https://eprocure.gov.in/eprocure/app?component=%24DirectLink&page=FrontEndTendersByOrganisation&service=direct&session=T&sp=Sf%2BZfBid919A%2BUtmX%2FvIVXtS0Fec7wUuNy1YFXyqSerE%3D
24,Bureau of Indian Standards,1,https://eprocure.gov.in/eprocure/app?component=%24DirectLink&page=FrontEndTendersByOrganisation&service=direct&session=T&sp=SWLEKwlBcv1tzPccx89knVtS0Fec7wUuNy1YFXyqSerE%3D
25,Bureau of Pharma PSUs of India (BPPI),1,https://eprocure.gov.in/eprocure/app?component=%24DirectLink&page=FrontEndTendersByOrganisation&service=direct&session=T&sp=SzrWGe2omRwS4kkUKQoNi3tS0Fec7wUuNy1YFXyqSerE%3D
26,Capacity Building Commission,1,https://eprocure.gov.in/eprocure/app?component=%24DirectLink&page=FrontEndTendersByOrganisation&service=direct&session=T&sp=SbHF4HqQJToNaRcfrGUnZbtS0Fec7wUuNy1YFXyqSerE%3D
27,Central Board of Secondary Education,7,https://eprocure.gov.in/eprocure/app?component=%24DirectLink&page=FrontEndTendersByOrganisation&service=direct&session=T&sp=SdQfu5XahNRopp00Dr96MutS0Fec7wUuNy1YFXyqSerE%3D
28,Central Cottage Industries Corporation of India Ltd.,5,https://eprocure.gov.in/eprocure/app?component=%24DirectLink&page=FrontEndTendersByOrganisation&service=direct&session=T&sp=SwAHx3UIW0jxf2WWtKjiJhtS0Fec7wUuNy1YFXyqSerE%3D
29,Central Medical Services Society,3,https://eprocure.gov.in/eprocure/app?component=%24DirectLink&page=FrontEndTendersByOrganisation&service=direct&session=T&sp=ShtPw3nUlrclOWZhIERKem9S0Fec7wUuNy1YFXyqSerE%3D
30,Central Pollution Control Board,1,https://eprocure.gov.in/eprocure/app?component=%24DirectLink&page=FrontEndTendersByOrganisation&service=direct&session=T&sp=SYBhWDxckMXAtx6GCJRgFsdS0Fec7wUuNy1YFXyqSerE%3D
31,Central University of Jammu,1,https://eprocure.gov.in/eprocure/app?component=%24DirectLink&page=FrontEndTendersByOrganisation&service=direct&session=T&sp=SVVFWwxN8BuH9gZIHI%2FqXOtS0Fec7wUuNy1YFXyqSerE%3D
32,Central University of Jharkhand,1,https://eprocure.gov.in/eprocure/app?component=%24DirectLink&page=FrontEndTendersByOrganisation&service=direct&session=T&sp=SJQgVKEmSyZGyNKJN9Oao6dS0Fec7wUuNy1YFXyqSerE%3D
33,Central University of Kerala,4,https://eprocure.gov.in/eprocure/app?component=%24DirectLink&page=FrontEndTendersByOrganisation&service=direct&session=T&sp=S%2FIV6A0xVTS%2BSaL8HMTfPNNS0Fec7wUuNy1YFXyqSerE%3D
34,Central University of Punjab,5,https://eprocure.gov.in/eprocure/app?component=%24DirectLink&page=FrontEndTendersByOrganisation&service=direct&session=T&sp=S%2FqbNiqJJOGurWDf3VrDz49S0Fec7wUuNy1YFXyqSerE%3D
35,Central Water Commission- DoWR RD and GR,6,https://eprocure.gov.in/eprocure/app?component=%24DirectLink&page=FrontEndTendersByOrganisation&service=direct&session=T&sp=SFoLiHEWRqa%2B07Ao8R0xrP9S0Fec7wUuNy1YFXyqSerE%3D
36,Chenab Valley Power Projects (P) Ltd,1,https://eprocure.gov.in/eprocure/app?component=%24DirectLink&page=FrontEndTendersByOrganisation&service=direct&session=T&sp=S3dTvc75vXwv%2FYx8D%2FowJCNS0Fec7wUuNy1YFXyqSerE%3D
37,Chennai Metro Rail Limited,7,https://eprocure.gov.in/eprocure/app?component=%24DirectLink&page=FrontEndTendersByOrganisation&service=direct&session=T&sp=SqCMrBsiawnHnH%2F7wEMAEvtS0Fec7wUuNy1YFXyqSerE%3D
38,Chennai Metro Rail Limited - MDB Tenders,5,https://eprocure.gov.in/eprocure/app?component=%24DirectLink&page=FrontEndTendersByOrganisation&service=direct&session=T&sp=SwvR5cUo9vZU7m12u1kjm7NS0Fec7wUuNy1YFXyqSerE%3D
39,Chennai Port Trust,6,https://eprocure.gov.in/eprocure/app?component=%24DirectLink&page=FrontEndTendersByOrganisation&service=direct&session=T&sp=SiXGsYNy55edjN7di4G2Jh9S0Fec7wUuNy1YFXyqSerE%3D
40,Chittaranjan National Cancer Institute - Kolkata,3,https://eprocure.gov.in/eprocure/app?component=%24DirectLink&page=FrontEndTendersByOrganisation&service=direct&session=T&sp=SNagVMX%2FNVa2tJf%2B7THDLZ9S0Fec7wUuNy1YFXyqSerE%3D
41,Coffee Board,2,https://eprocure.gov.in/eprocure/app?component=%24DirectLink&page=FrontEndTendersByOrganisation&service=direct&session=T&sp=SZ5%2FWwgW2CdKd2gMVu1S2L9S0Fec7wUuNy1YFXyqSerE%3D
42,Defence Research and Development Organisation,31,https://eprocure.gov.in/eprocure/app?component=%24DirectLink&page=FrontEndTendersByOrganisation&service=direct&session=T&sp=SXOC9MTnuHi%2BoO6LiAOjEtdS0Fec7wUuNy1YFXyqSerE%3D
43,Delhi Development Authority,61,https://eprocure.gov.in/eprocure/app?component=%24DirectLink&page=FrontEndTendersByOrganisation&service=direct&session=T&sp=SNZzPMNqBpDDIrVxiddqom9S0Fec7wUuNy1YFXyqSerE%3D
44,Delhi Metro Rail Corporation Limited,42,https://eprocure.gov.in/eprocure/app?component=%24DirectLink&page=FrontEndTendersByOrganisation&service=direct&session=T&sp=SDWJN4QREhUXgVp3vTGBxCtS0Fec7wUuNy1YFXyqSerE%3D
45,Delhi Police,4,https://eprocure.gov.in/eprocure/app?component=%24DirectLink&page=FrontEndTendersByOrganisation&service=direct&session=T&sp=SxEoGjdEAecb34LxmLKVOpNS0Fec7wUuNy1YFXyqSerE%3D
46,Delhi University,74,https://eprocure.gov.in/eprocure/app?component=%24DirectLink&page=FrontEndTendersByOrganisation&service=direct&session=T&sp=SzVE%2FUekzHqWmIXq3j5h%2F%2F9S0Fec7wUuNy1YFXyqSerE%3D
47,Department of Administrative Reforms and Public Grievances,1,https://eprocure.gov.in/eprocure/app?component=%24DirectLink&page=FrontEndTendersByOrganisation&service=direct&session=T&sp=S7E%2F8GgzcPwM8BcrPMiAqM9S0Fec7wUuNy1YFXyqSerE%3D
48,Department of Agricultural Research and Education,41,https://eprocure.gov.in/eprocure/app?component=%24DirectLink&page=FrontEndTendersByOrganisation&service=direct&session=T&sp=S4fOW%2By4lfko37f6uDHrBBw%3D%3D
49,Department of Atomic Energy,7,https://eprocure.gov.in/eprocure/app?component=%24DirectLink&page=FrontEndTendersByOrganisation&service=direct&session=T&sp=SwJvjxsPoW%2F5cGKJmvb1e1w%3D%3D
50,Department of Electronics and Information Technology(DeitY),7,https://eprocure.gov.in/eprocure/app?component=%24DirectLink&page=FrontEndTendersByOrganisation&service=direct&session=T&sp=SGTcD%2BRUO7BhBfui0B%2FOiww%3D%3D
51,Department of Fertilisers,1,https://eprocure.gov.in/eprocure/app?component=%24DirectLink&page=FrontEndTendersByOrganisation&service=direct&session=T&sp=SX%2FB7iPqLtlwRMXTHkbwNyQ%3D%3D
52,Department of Health Research,3,https://eprocure.gov.in/eprocure/app?component=%24DirectLink&page=FrontEndTendersByOrganisation&service=direct&session=T&sp=SM%2Fbr9ae%2FkkS4nUTpzjfVAQ%3D%3D
53,Department of Heavy Industry,5,https://eprocure.gov.in/eprocure/app?component=%24DirectLink&page=FrontEndTendersByOrganisation&service=direct&session=T&sp=SDRJrn9Uk4%2BNbVN5Z%2B22JUA%3D%3D
54,Department of Pharmaceuticals,7,https://eprocure.gov.in/eprocure/app?component=%24DirectLink&page=FrontEndTendersByOrganisation&service=direct&session=T&sp=SAUg29c9IU03A%2F5oq6LBN2A%3D%3D
55,Department of Posts,107,https://eprocure.gov.in/eprocure/app?component=%24DirectLink&page=FrontEndTendersByOrganisation&service=direct&session=T&sp=SoF6FjpQuIeRKmQtPduGlRQ%3D%3D
56,Department of Revenue,26,https://eprocure.gov.in/eprocure/app?component=%24DirectLink&page=FrontEndTendersByOrganisation&service=direct&session=T&sp=SKGh6Dj7aUAWcvfYTA4sH4Q%3D%3D
57,Department of Rural Development,1,https://eprocure.gov.in/eprocure/app?component=%24DirectLink&page=FrontEndTendersByOrganisation&service=direct&session=T&sp=SLZosoASXwPlnwcG3wtgLTw%3D%3D
58,Development Commissioner for Handlooms,6,https://eprocure.gov.in/eprocure/app?component=%24DirectLink&page=FrontEndTendersByOrganisation&service=direct&session=T&sp=SiDjRyoUbYJMwC8vGnx2WbdS0Fec7wUuNy1YFXyqSerE%3D
59,"DG,BSF,MHA",163,https://eprocure.gov.in/eprocure/app?component=%24DirectLink&page=FrontEndTendersByOrganisation&service=direct&session=T&sp=SPT7JL0%2BUP9XhsFLZ371BfNS0Fec7wUuNy1YFXyqSerE%3D
60,"DG,CRPF,MHA",38,https://eprocure.gov.in/eprocure/app?component=%24DirectLink&page=FrontEndTendersByOrganisation&service=direct&session=T&sp=SBtccLrpQa%2FTS5ZWVXHvHFNS0Fec7wUuNy1YFXyqSerE%3D
61,"DG, Indo-Tibetan Border Police Force",65,https://eprocure.gov.in/eprocure/app?component=%24DirectLink&page=FrontEndTendersByOrganisation&service=direct&session=T&sp=SmG038fD3M5ojksq2n9i2Ow%3D%3D
62,"DG,National Security Guard,MHA",2,https://eprocure.gov.in/eprocure/app?component=%24DirectLink&page=FrontEndTendersByOrganisation&service=direct&session=T&sp=SID%2Bh01WtoOLmxDw4vux3stS0Fec7wUuNy1YFXyqSerE%3D
63,"DG of Central Industrial Security Force,MHA",1,https://eprocure.gov.in/eprocure/app?component=%24DirectLink&page=FrontEndTendersByOrganisation&service=direct&session=T&sp=SnPFmQ65MU3r48VZRW8be59S0Fec7wUuNy1YFXyqSerE%3D
64,"DG Sashastra Seema Bal,MHA",12,https://eprocure.gov.in/eprocure/app?component=%24DirectLink&page=FrontEndTendersByOrganisation&service=direct&session=T&sp=SQL6POtuBmMKtQnaL5D7dj9S0Fec7wUuNy1YFXyqSerE%3D
65,"Directorate General Health Services,MHFW",2,https://eprocure.gov.in/eprocure/app?component=%24DirectLink&page=FrontEndTendersByOrganisation&service=direct&session=T&sp=S0q7BSURV1TyGhrvvCFNKv9S0Fec7wUuNy1YFXyqSerE%3D
66,Directorate General of Hydrocarbons,2,https://eprocure.gov.in/eprocure/app?component=%24DirectLink&page=FrontEndTendersByOrganisation&service=direct&session=T&sp=SOWWa9Ia7Lmm9YaDMkTmyN9S0Fec7wUuNy1YFXyqSerE%3D
67,Directorate General of Lighthouses and Lightships,9,https://eprocure.gov.in/eprocure/app?component=%24DirectLink&page=FrontEndTendersByOrganisation&service=direct&session=T&sp=SRCa6VLBKLeg42bcHBop0otS0Fec7wUuNy1YFXyqSerE%3D
68,Directorate General of Shipping,4,https://eprocure.gov.in/eprocure/app?component=%24DirectLink&page=FrontEndTendersByOrganisation&service=direct&session=T&sp=Scecdn%2FUY8zjhYzp5207v3tS0Fec7wUuNy1YFXyqSerE%3D
69,Directorate of Construction Services and Estate Management,6,https://eprocure.gov.in/eprocure/app?component=%24DirectLink&page=FrontEndTendersByOrganisation&service=direct&session=T&sp=SXTYTEEur4qKHdwzbAHm49dS0Fec7wUuNy1YFXyqSerE%3D
70,Directorate of Coordination Police Wireless,1,https://eprocure.gov.in/eprocure/app?component=%24DirectLink&page=FrontEndTendersByOrganisation&service=direct&session=T&sp=SN38h%2FOV3i5razLVK8iV%2FbtS0Fec7wUuNy1YFXyqSerE%3D
71,Directorate of Purchase and Stores,42,https://eprocure.gov.in/eprocure/app?component=%24DirectLink&page=FrontEndTendersByOrganisation&service=direct&session=T&sp=SH1WRo5MajcDA5P6bsBh9OtS0Fec7wUuNy1YFXyqSerE%3D
72,Director-Indian Institute of Technology(IIT Delhi),20,https://eprocure.gov.in/eprocure/app?component=%24DirectLink&page=FrontEndTendersByOrganisation&service=direct&session=T&sp=SbFtG1dOxj5VJbx0uDFM1JtS0Fec7wUuNy1YFXyqSerE%3D
73,"Dir. Gen. Defence Estates,HQ",6,https://eprocure.gov.in/eprocure/app?component=%24DirectLink&page=FrontEndTendersByOrganisation&service=direct&session=T&sp=SkP9YKJiX0yaSrAFRfcQi6A%3D%3D
74,Dr.B.R.Ambedkar National Institute of Technology-Jalandhar,6,https://eprocure.gov.in/eprocure/app?component=%24DirectLink&page=FrontEndTendersByOrganisation&service=direct&session=T&sp=SruxMyVdzMfQBDRcb0xi85dS0Fec7wUuNy1YFXyqSerE%3D
75,Dr. Harisingh Gour Vishwavidyalaya,3,https://eprocure.gov.in/eprocure/app?component=%24DirectLink&page=FrontEndTendersByOrganisation&service=direct&session=T&sp=S7IG0iAFryGV2pYu5ODdYDdS0Fec7wUuNy1YFXyqSerE%3D
76,Dr. Ram Manohar Lohia Hospital,5,https://eprocure.gov.in/eprocure/app?component=%24DirectLink&page=FrontEndTendersByOrganisation&service=direct&session=T&sp=St35CG7d3nFAHKpYA4oqrA9S0Fec7wUuNy1YFXyqSerE%3D
77,Employees State Insurance Corporation,25,https://eprocure.gov.in/eprocure/app?component=%24DirectLink&page=FrontEndTendersByOrganisation&service=direct&session=T&sp=SLaMrzl3CJw9NlaUtW%2FsLKNS0Fec7wUuNy1YFXyqSerE%3D
78,"Engineers India Limited,MoPNG",39,https://eprocure.gov.in/eprocure/app?component=%24DirectLink&page=FrontEndTendersByOrganisation&service=direct&session=T&sp=S6k75z33oc0pcHRfLnq58J9S0Fec7wUuNy1YFXyqSerE%3D
79,ESSO-INCOIS,1,https://eprocure.gov.in/eprocure/app?component=%24DirectLink&page=FrontEndTendersByOrganisation&service=direct&session=T&sp=Sho0uDNdZjx%2BFNNw1ioe42dS0Fec7wUuNy1YFXyqSerE%3D
80,Food Corporation of India,76,https://eprocure.gov.in/eprocure/app?component=%24DirectLink&page=FrontEndTendersByOrganisation&service=direct&session=T&sp=StGtKDMutoxF%2BRQk5WhtYiA%3D%3D
81,Food Safety and Standards Authority of India,1,https://eprocure.gov.in/eprocure/app?component=%24DirectLink&page=FrontEndTendersByOrganisation&service=direct&session=T&sp=S4v8cuRn%2FuY8xN8KPiUhAK9S0Fec7wUuNy1YFXyqSerE%3D
82,Gati Shakti Vishwavidyalaya,1,https://eprocure.gov.in/eprocure/app?component=%24DirectLink&page=FrontEndTendersByOrganisation&service=direct&session=T&sp=S0FR3jaAP0rksEZ2GPYsDxqhl77dSWMTKfeJVodpjiuY%3D
83,General Services Organisation (GSO),3,https://eprocure.gov.in/eprocure/app?component=%24DirectLink&page=FrontEndTendersByOrganisation&service=direct&session=T&sp=SYOUBlOyvrsAtCj8aju2d5Khl77dSWMTKfeJVodpjiuY%3D
84,Geological Survey of India,4,https://eprocure.gov.in/eprocure/app?component=%24DirectLink&page=FrontEndTendersByOrganisation&service=direct&session=T&sp=SoxhfC2hi0ii%2FdjJpe1icvNS0Fec7wUuNy1YFXyqSerE%3D
85,Global Centre for Nuclear Energy Partnership,2,https://eprocure.gov.in/eprocure/app?component=%24DirectLink&page=FrontEndTendersByOrganisation&service=direct&session=T&sp=SWDWeyoQ3GnRncQjRENfSn9S0Fec7wUuNy1YFXyqSerE%3D
86,Government of Gujarat,2,https://eprocure.gov.in/eprocure/app?component=%24DirectLink&page=FrontEndTendersByOrganisation&service=direct&session=T&sp=Se1FC5%2BNSs0YLO9fBEJO9N9S0Fec7wUuNy1YFXyqSerE%3D
87,Grid Controller of India Limited,2,https://eprocure.gov.in/eprocure/app?component=%24DirectLink&page=FrontEndTendersByOrganisation&service=direct&session=T&sp=SZLkFwXvSpyddu2rv7tgHctS0Fec7wUuNy1YFXyqSerE%3D
88,Guru Ghasidas Vishwavidyalaya,1,https://eprocure.gov.in/eprocure/app?component=%24DirectLink&page=FrontEndTendersByOrganisation&service=direct&session=T&sp=SUbWYbZp6GtT6AgZw%2FdLqldS0Fec7wUuNy1YFXyqSerE%3D
89,Harish-Chandra Research Institute,1,https://eprocure.gov.in/eprocure/app?component=%24DirectLink&page=FrontEndTendersByOrganisation&service=direct&session=T&sp=SosXmmeH65R1OUU5JsALATdS0Fec7wUuNy1YFXyqSerE%3D
90,Heavy Water Board,18,https://eprocure.gov.in/eprocure/app?component=%24DirectLink&page=FrontEndTendersByOrganisation&service=direct&session=T&sp=S%2F2NqoHzqaZZhWHA1l45KIdS0Fec7wUuNy1YFXyqSerE%3D
91,Hindustan Organic Chemicals Limited,5,https://eprocure.gov.in/eprocure/app?component=%24DirectLink&page=FrontEndTendersByOrganisation&service=direct&session=T&sp=SgYs7129DzvM9%2BQMjH7dY1tS0Fec7wUuNy1YFXyqSerE%3D
92,Hindustan Salts Limited,2,https://eprocure.gov.in/eprocure/app?component=%24DirectLink&page=FrontEndTendersByOrganisation&service=direct&session=T&sp=St2j1TK%2FpvAPZb8Hd9PR3GdS0Fec7wUuNy1YFXyqSerE%3D
93,Hindustan Urvarak and Rasayan Limited,5,https://eprocure.gov.in/eprocure/app?component=%24DirectLink&page=FrontEndTendersByOrganisation&service=direct&session=T&sp=SNGBkapjrjbV%2Fip%2FvFVtk7NS0Fec7wUuNy1YFXyqSerE%3D
94,IISER Berhampur,3,https://eprocure.gov.in/eprocure/app?component=%24DirectLink&page=FrontEndTendersByOrganisation&service=direct&session=T&sp=SaeCVDn8B65mVyEt9toDg2Khl77dSWMTKfeJVodpjiuY%3D
95,IIT BHUBANESWAR,2,https://eprocure.gov.in/eprocure/app?component=%24DirectLink&page=FrontEndTendersByOrganisation&service=direct&session=T&sp=Sl2AfcStUAjz%2FeG0gaej6LdS0Fec7wUuNy1YFXyqSerE%3D
96,Indian Council of Forestry Research and Education,3,https://eprocure.gov.in/eprocure/app?component=%24DirectLink&page=FrontEndTendersByOrganisation&service=direct&session=T&sp=ScilhvGlDOmI9Zj8g15KpNdS0Fec7wUuNy1YFXyqSerE%3D
97,Indian Council of Social Science Research,1,https://eprocure.gov.in/eprocure/app?component=%24DirectLink&page=FrontEndTendersByOrganisation&service=direct&session=T&sp=SrrWBxsf22IGThw7NUpddDdS0Fec7wUuNy1YFXyqSerE%3D
98,Indian Institute of Astrophysics,1,https://eprocure.gov.in/eprocure/app?component=%24DirectLink&page=FrontEndTendersByOrganisation&service=direct&session=T&sp=SKc%2BTl4KXji9ZXhIzQeHlitS0Fec7wUuNy1YFXyqSerE%3D
99,Indian Institute of Engineering Science and Technology - Shibpur,12,https://eprocure.gov.in/eprocure/app?component=%24DirectLink&page=FrontEndTendersByOrganisation&service=direct&session=T&sp=SvHFjG6bwXS%2F245o75hSwl9S0Fec7wUuNy1YFXyqSerE%3D
100,Indian Institute of Information Technology Design and Manufacturing Kancheepuram,4,https://eprocure.gov.in/eprocure/app?component=%24DirectLink&page=FrontEndTendersByOrganisation&service=direct&session=T&sp=SgA2qUKZCqxbTyWgReeiWjahl77dSWMTKfeJVodpjiuY%3D
101,Indian Institute Of Information Technology Design and Manufacturing Kurnool,2,https://eprocure.gov.in/eprocure/app?component=%24DirectLink&page=FrontEndTendersByOrganisation&service=direct&session=T&sp=SEXtgbiW2aLkq0rTOJ7n4nahl77dSWMTKfeJVodpjiuY%3D
102,Indian Institute of Management Ahmedabad,3,https://eprocure.gov.in/eprocure/app?component=%24DirectLink&page=FrontEndTendersByOrganisation&service=direct&session=T&sp=SoLYqu6kUjOq6VcFJ5cjwptS0Fec7wUuNy1YFXyqSerE%3D
103,Indian Institute of Management Amritsar,1,https://eprocure.gov.in/eprocure/app?component=%24DirectLink&page=FrontEndTendersByOrganisation&service=direct&session=T&sp=S7k%2BBSSLWCALkOkXirOygKahl77dSWMTKfeJVodpjiuY%3D
104,Indian Institute of Management Bangalore,3,https://eprocure.gov.in/eprocure/app?component=%24DirectLink&page=FrontEndTendersByOrganisation&service=direct&session=T&sp=SSz8GeftwX9Qyw2lQ9FVZfahl77dSWMTKfeJVodpjiuY%3D
105,INDIAN INSTITUTE OF MANAGEMENT CALCUTTA,6,https://eprocure.gov.in/eprocure/app?component=%24DirectLink&page=FrontEndTendersByOrganisation&service=direct&session=T&sp=SEwmonY3SY%2B3aemEXJYzaBdS0Fec7wUuNy1YFXyqSerE%3D
106,Indian Institute of Management Indore,1,https://eprocure.gov.in/eprocure/app?component=%24DirectLink&page=FrontEndTendersByOrganisation&service=direct&session=T&sp=Sp5v2es2khlTCBSVSd5tRntS0Fec7wUuNy1YFXyqSerE%3D
107,Indian Institute of Management Jammu,1,https://eprocure.gov.in/eprocure/app?component=%24DirectLink&page=FrontEndTendersByOrganisation&service=direct&session=T&sp=SKFLMvKRegMRFZ7fWvx1wrtS0Fec7wUuNy1YFXyqSerE%3D
108,Indian Institute of Management Lucknow,3,https://eprocure.gov.in/eprocure/app?component=%24DirectLink&page=FrontEndTendersByOrganisation&service=direct&session=T&sp=SrjbUla7R2QopyZN%2B%2BDH9ONS0Fec7wUuNy1YFXyqSerE%3D
109,Indian Institute of Management Udaipur,1,https://eprocure.gov.in/eprocure/app?component=%24DirectLink&page=FrontEndTendersByOrganisation&service=direct&session=T&sp=S%2FdXJbzVML%2BnmXGHsAPTA69S0Fec7wUuNy1YFXyqSerE%3D
110,Indian Institute of Science Bangalore - World Bank Tenders,4,https://eprocure.gov.in/eprocure/app?component=%24DirectLink&page=FrontEndTendersByOrganisation&service=direct&session=T&sp=SpoDQGtGzpreQUEsOgy7LHKhl77dSWMTKfeJVodpjiuY%3D
111,Indian Institute of Science Education and Research Bhopal,2,https://eprocure.gov.in/eprocure/app?component=%24DirectLink&page=FrontEndTendersByOrganisation&service=direct&session=T&sp=SvWTitFnlLzNjqe5zwZCZM6hl77dSWMTKfeJVodpjiuY%3D
112,Indian Institute of Science Education and Research - Kolkata,9,https://eprocure.gov.in/eprocure/app?component=%24DirectLink&page=FrontEndTendersByOrganisation&service=direct&session=T&sp=SUsYqFGZv7qh7gOAsZviO%2B9S0Fec7wUuNy1YFXyqSerE%3D
113,Indian Institute of Science Education and Research - Pune,8,https://eprocure.gov.in/eprocure/app?component=%24DirectLink&page=FrontEndTendersByOrganisation&service=direct&session=T&sp=SAGrh1G%2FNfL75cb12%2BlDYMdS0Fec7wUuNy1YFXyqSerE%3D
114,Indian Institute of Science Education and Research - Thiruvananthapuram,11,https://eprocure.gov.in/eprocure/app?component=%24DirectLink&page=FrontEndTendersByOrganisation&service=direct&session=T&sp=SLigFJ%2BhznosGgoJmgFj7hdS0Fec7wUuNy1YFXyqSerE%3D
115,Indian Institute of Science Education and Research - Tirupati,3,https://eprocure.gov.in/eprocure/app?component=%24DirectLink&page=FrontEndTendersByOrganisation&service=direct&session=T&sp=Sgy4vMs5a5liNuW7DT37kG9S0Fec7wUuNy1YFXyqSerE%3D
116,Indian Institute of Technology Bhilai,6,https://eprocure.gov.in/eprocure/app?component=%24DirectLink&page=FrontEndTendersByOrganisation&service=direct&session=T&sp=SuWfn7JqA8diSuhgyAsLLa9S0Fec7wUuNy1YFXyqSerE%3D
117,Indian Institute of Technology(BHU) Varanasi,25,https://eprocure.gov.in/eprocure/app?component=%24DirectLink&page=FrontEndTendersByOrganisation&service=direct&session=T&sp=SzkUCKc20ioJfjsssKyVNAtS0Fec7wUuNy1YFXyqSerE%3D
118,Indian institute of Technology - Dharwad,1,https://eprocure.gov.in/eprocure/app?component=%24DirectLink&page=FrontEndTendersByOrganisation&service=direct&session=T&sp=SDQwjzG7HwvtywGIWlVNj3tS0Fec7wUuNy1YFXyqSerE%3D
119,Indian Institute of Technology Gandhinagar,4,https://eprocure.gov.in/eprocure/app?component=%24DirectLink&page=FrontEndTendersByOrganisation&service=direct&session=T&sp=S0T4AxIir450WERYzE6f%2Fp9S0Fec7wUuNy1YFXyqSerE%3D
120,Indian Institute of Technology Guwahati,11,https://eprocure.gov.in/eprocure/app?component=%24DirectLink&page=FrontEndTendersByOrganisation&service=direct&session=T&sp=S%2BjuwV%2FytOpZETnFnXCnextS0Fec7wUuNy1YFXyqSerE%3D
121,Indian Institute of Technology - Hyderabad,7,https://eprocure.gov.in/eprocure/app?component=%24DirectLink&page=FrontEndTendersByOrganisation&service=direct&session=T&sp=S9kSG31gjwtAf76nUghpZqKhl77dSWMTKfeJVodpjiuY%3D
122,Indian Institute of Technology (IIT) Goa,4,https://eprocure.gov.in/eprocure/app?component=%24DirectLink&page=FrontEndTendersByOrganisation&service=direct&session=T&sp=SFXaXp9Kgot14oS2CSoqBEKhl77dSWMTKfeJVodpjiuY%3D
123,Indian Institute of Technology Indore,2,https://eprocure.gov.in/eprocure/app?component=%24DirectLink&page=FrontEndTendersByOrganisation&service=direct&session=T&sp=SUlapnXCaPPBRr%2FaP8c0l1dS0Fec7wUuNy1YFXyqSerE%3D
124,Indian Institute of Technology(ISM) Dhanbad,8,https://eprocure.gov.in/eprocure/app?component=%24DirectLink&page=FrontEndTendersByOrganisation&service=direct&session=T&sp=Sf7jrw%2FZNR7JJIB6%2Bt%2BKg2tS0Fec7wUuNy1YFXyqSerE%3D
125,Indian Institute of Technology Jammu,4,https://eprocure.gov.in/eprocure/app?component=%24DirectLink&page=FrontEndTendersByOrganisation&service=direct&session=T&sp=SuC8pwCufPcoPATAX5bUT4NS0Fec7wUuNy1YFXyqSerE%3D
126,Indian Institute of Technology Jodhpur,12,https://eprocure.gov.in/eprocure/app?component=%24DirectLink&page=FrontEndTendersByOrganisation&service=direct&session=T&sp=SfshPFPqjL2%2B3OV2UBl7AWtS0Fec7wUuNy1YFXyqSerE%3D
127,Indian Institute of Technology Kanpur,50,https://eprocure.gov.in/eprocure/app?component=%24DirectLink&page=FrontEndTendersByOrganisation&service=direct&session=T&sp=SFMo9NklP%2FXAZVwrQcWoVItS0Fec7wUuNy1YFXyqSerE%3D
128,Indian Institute of Technology Kharagpur,24,https://eprocure.gov.in/eprocure/app?component=%24DirectLink&page=FrontEndTendersByOrganisation&service=direct&session=T&sp=S3Ga%2FVUj1RiK2G66FzKHsptS0Fec7wUuNy1YFXyqSerE%3D
129,Indian Institute of Technology Mandi,3,https://eprocure.gov.in/eprocure/app?component=%24DirectLink&page=FrontEndTendersByOrganisation&service=direct&session=T&sp=S%2B8POWgn30WJ1Yx%2BraEGKB9S0Fec7wUuNy1YFXyqSerE%3D
130,Indian Institute of Technology Patna,1,https://eprocure.gov.in/eprocure/app?component=%24DirectLink&page=FrontEndTendersByOrganisation&service=direct&session=T&sp=SUZ1mLDxPg%2B2qGor1LMVH5dS0Fec7wUuNy1YFXyqSerE%3D
131,Indian Institute of Technology Roorkee,74,https://eprocure.gov.in/eprocure/app?component=%24DirectLink&page=FrontEndTendersByOrganisation&service=direct&session=T&sp=SnCPVn4%2FLNzewMXu65HGAn9S0Fec7wUuNy1YFXyqSerE%3D
132,Indian Institute of Technology Ropar,12,https://eprocure.gov.in/eprocure/app?component=%24DirectLink&page=FrontEndTendersByOrganisation&service=direct&session=T&sp=SLsqXKCseQvwD9So25zmeEdS0Fec7wUuNy1YFXyqSerE%3D
133,Indian Museum - Kolkata,1,https://eprocure.gov.in/eprocure/app?component=%24DirectLink&page=FrontEndTendersByOrganisation&service=direct&session=T&sp=SHr1ovqxyU00sPjTlJn5Z6dS0Fec7wUuNy1YFXyqSerE%3D
134,Indian Ports Association,1,https://eprocure.gov.in/eprocure/app?component=%24DirectLink&page=FrontEndTendersByOrganisation&service=direct&session=T&sp=SA31IbD6D6VIGuynDOUCKWdS0Fec7wUuNy1YFXyqSerE%3D
135,Indian Statistical Institute - Kolkata,1,https://eprocure.gov.in/eprocure/app?component=%24DirectLink&page=FrontEndTendersByOrganisation&service=direct&session=T&sp=SZMa3XWodjQ43jQpFwLO2StS0Fec7wUuNy1YFXyqSerE%3D
136,India Post Payments Bank Ltd,1,https://eprocure.gov.in/eprocure/app?component=%24DirectLink&page=FrontEndTendersByOrganisation&service=direct&session=T&sp=S7fglNuHT7n0Hh28wQ%2BF4RtS0Fec7wUuNy1YFXyqSerE%3D
137,India Trade Promotion Organisation,10,https://eprocure.gov.in/eprocure/app?component=%24DirectLink&page=FrontEndTendersByOrganisation&service=direct&session=T&sp=SGd2ju97sFfxRatbZadHyutS0Fec7wUuNy1YFXyqSerE%3D
138,Indira Gandhi Centre for Atomic Research,8,https://eprocure.gov.in/eprocure/app?component=%24DirectLink&page=FrontEndTendersByOrganisation&service=direct&session=T&sp=SKbFNaxhM%2BEU4euXfW8jY89S0Fec7wUuNy1YFXyqSerE%3D
139,"Inland Waterways Authority of India,MoS",22,https://eprocure.gov.in/eprocure/app?component=%24DirectLink&page=FrontEndTendersByOrganisation&service=direct&session=T&sp=SCywdk1FJJR%2Bf8aupTpAPc9S0Fec7wUuNy1YFXyqSerE%3D
140,Inland Waterways Authority of India-World Bank Tenders,3,https://eprocure.gov.in/eprocure/app?component=%24DirectLink&page=FrontEndTendersByOrganisation&service=direct&session=T&sp=S%2FKhGuToz2PHVaGBMXudM%2FNS0Fec7wUuNy1YFXyqSerE%3D
141,Institute for Plasma Research,1,https://eprocure.gov.in/eprocure/app?component=%24DirectLink&page=FrontEndTendersByOrganisation&service=direct&session=T&sp=SfRORV0LjZhfYEsqf%2BC23jNS0Fec7wUuNy1YFXyqSerE%3D
142,Institute of Actuaries of India,1,https://eprocure.gov.in/eprocure/app?component=%24DirectLink&page=FrontEndTendersByOrganisation&service=direct&session=T&sp=SwUT4p3CInvif0kZv1eM%2FEahl77dSWMTKfeJVodpjiuY%3D
143,Institute of Physics Bhubaneswar,2,https://eprocure.gov.in/eprocure/app?component=%24DirectLink&page=FrontEndTendersByOrganisation&service=direct&session=T&sp=SXgv6XhTSXamHC9Py7p5iNNS0Fec7wUuNy1YFXyqSerE%3D
144,Integrated Defence Staff,1,https://eprocure.gov.in/eprocure/app?component=%24DirectLink&page=FrontEndTendersByOrganisation&service=direct&session=T&sp=Sqsk2fjbB6seaauItw8fr0NS0Fec7wUuNy1YFXyqSerE%3D
145,International Advanced Research Centre for Powder Metallurgy and New Materials,4,https://eprocure.gov.in/eprocure/app?component=%24DirectLink&page=FrontEndTendersByOrganisation&service=direct&session=T&sp=SkNLyI54rnCaGkkTINc5PMtS0Fec7wUuNy1YFXyqSerE%3D
146,International Centre For Automotive Technology,11,https://eprocure.gov.in/eprocure/app?component=%24DirectLink&page=FrontEndTendersByOrganisation&service=direct&session=T&sp=SDTEc%2FF7EAzEkOF%2Fh7%2BvT%2FKhl77dSWMTKfeJVodpjiuY%3D
147,Inter University Accelerator Centre,1,https://eprocure.gov.in/eprocure/app?component=%24DirectLink&page=FrontEndTendersByOrganisation&service=direct&session=T&sp=S75rZJgqFYvrHTx2bKiQh79S0Fec7wUuNy1YFXyqSerE%3D
148,Inter-University Centre for Astronomy and Astrophysics,2,https://eprocure.gov.in/eprocure/app?component=%24DirectLink&page=FrontEndTendersByOrganisation&service=direct&session=T&sp=S1zq5jCnxXG9VZB4igulok9S0Fec7wUuNy1YFXyqSerE%3D
149,Jamia Millia Islamia,2,https://eprocure.gov.in/eprocure/app?component=%24DirectLink&page=FrontEndTendersByOrganisation&service=direct&session=T&sp=SzCHE%2F1MOGUpwXg1H87dM4dS0Fec7wUuNy1YFXyqSerE%3D
150,Jawaharlal Institute of Postgraduate Medical Education and Research JIPMER- Puducherry Central Autonomous Body under MOH and FW- GOI),13,https://eprocure.gov.in/eprocure/app?component=%24DirectLink&page=FrontEndTendersByOrganisation&service=direct&session=T&sp=Sm5%2FMMtpj2yXk6HpcSbh6y9S0Fec7wUuNy1YFXyqSerE%3D
151,Jawaharlal Nehru Port Trust,20,https://eprocure.gov.in/eprocure/app?component=%24DirectLink&page=FrontEndTendersByOrganisation&service=direct&session=T&sp=Sz1%2B%2FnVTJJApzJTm7RlYaU9S0Fec7wUuNy1YFXyqSerE%3D
152,Jawaharlal Nehru University,4,https://eprocure.gov.in/eprocure/app?component=%24DirectLink&page=FrontEndTendersByOrganisation&service=direct&session=T&sp=SIH4%2BMjGp1GDz54PhllynJtS0Fec7wUuNy1YFXyqSerE%3D
153,Kolkata Port Trust,18,https://eprocure.gov.in/eprocure/app?component=%24DirectLink&page=FrontEndTendersByOrganisation&service=direct&session=T&sp=S3%2FzFBOrpwAEA98LlDQXLbNS0Fec7wUuNy1YFXyqSerE%3D
154,Lanco Teesta Hydro Power Limited,1,https://eprocure.gov.in/eprocure/app?component=%24DirectLink&page=FrontEndTendersByOrganisation&service=direct&session=T&sp=SlOLZxMsWxqOo3EtdNipppdS0Fec7wUuNy1YFXyqSerE%3D
155,Land Ports Authority of India,2,https://eprocure.gov.in/eprocure/app?component=%24DirectLink&page=FrontEndTendersByOrganisation&service=direct&session=T&sp=SGESl4EF9VwQ9V6kMKE7RxNS0Fec7wUuNy1YFXyqSerE%3D
156,Madras Fertilizers Limited,12,https://eprocure.gov.in/eprocure/app?component=%24DirectLink&page=FrontEndTendersByOrganisation&service=direct&session=T&sp=St9RKnYWlIM5LhNoBVAon2dS0Fec7wUuNy1YFXyqSerE%3D
157,Mahanagar Telephone Nigam Limited,27,https://eprocure.gov.in/eprocure/app?component=%24DirectLink&page=FrontEndTendersByOrganisation&service=direct&session=T&sp=S%2BDk2SODmeRP%2BRBywz14TINS0Fec7wUuNy1YFXyqSerE%3D
158,Mahatma Gandhi Institute for Rural Industrilization,1,https://eprocure.gov.in/eprocure/app?component=%24DirectLink&page=FrontEndTendersByOrganisation&service=direct&session=T&sp=Sc105Oq1h8qzpLL47kk7biNS0Fec7wUuNy1YFXyqSerE%3D
159,Mahatma Gandhi Institute of Medical Sciences,45,https://eprocure.gov.in/eprocure/app?component=%24DirectLink&page=FrontEndTendersByOrganisation&service=direct&session=T&sp=SdWFdj%2FaSfeInQCwKcD1aY9S0Fec7wUuNy1YFXyqSerE%3D
160,Malaviya National Institute of Technology Jaipur,6,https://eprocure.gov.in/eprocure/app?component=%24DirectLink&page=FrontEndTendersByOrganisation&service=direct&session=T&sp=SUTuOITTQ7mfxkkCE2vukqtS0Fec7wUuNy1YFXyqSerE%3D
161,Manipur University,5,https://eprocure.gov.in/eprocure/app?component=%24DirectLink&page=FrontEndTendersByOrganisation&service=direct&session=T&sp=SMu%2FbIfQNCrx0RmDP9rLvk9S0Fec7wUuNy1YFXyqSerE%3D
162,Maulana Azad National Institute of Technology,2,https://eprocure.gov.in/eprocure/app?component=%24DirectLink&page=FrontEndTendersByOrganisation&service=direct&session=T&sp=SY5X6JEEh8s9XHVJe4QlBatS0Fec7wUuNy1YFXyqSerE%3D
163,Maulana Azad National Urdu University,1,https://eprocure.gov.in/eprocure/app?component=%24DirectLink&page=FrontEndTendersByOrganisation&service=direct&session=T&sp=SoTWeiX4tjhpSlVF0TTDeWtS0Fec7wUuNy1YFXyqSerE%3D
164,MEPZ-SEZ Authority,1,https://eprocure.gov.in/eprocure/app?component=%24DirectLink&page=FrontEndTendersByOrganisation&service=direct&session=T&sp=S8n%2Bq%2BEJfC96qZYSzaMe3MtS0Fec7wUuNy1YFXyqSerE%3D
165,Ministry of  Drinking Water and Sanitation,1,https://eprocure.gov.in/eprocure/app?component=%24DirectLink&page=FrontEndTendersByOrganisation&service=direct&session=T&sp=SuQDt5FaBlMcwo9nIX%2BLXWA%3D%3D
166,Ministry of External Affairs,1,https://eprocure.gov.in/eprocure/app?component=%24DirectLink&page=FrontEndTendersByOrganisation&service=direct&session=T&sp=Su9G242qi19lhe8jrpteMag%3D%3D
167,Ministry of Mines,8,https://eprocure.gov.in/eprocure/app?component=%24DirectLink&page=FrontEndTendersByOrganisation&service=direct&session=T&sp=Sp8kbpWL9AOYjOXdZLA%2BMYw%3D%3D
168,Ministry of Railways - World Bank Tenders,4,https://eprocure.gov.in/eprocure/app?component=%24DirectLink&page=FrontEndTendersByOrganisation&service=direct&session=T&sp=SGvsbPSmPXRdYi%2FiAUXlB29S0Fec7wUuNy1YFXyqSerE%3D
169,Ministry of Road Transport and Highways,280,https://eprocure.gov.in/eprocure/app?component=%24DirectLink&page=FrontEndTendersByOrganisation&service=direct&session=T&sp=SaNQkFYrq2Ejxc9TMUtutTtS0Fec7wUuNy1YFXyqSerE%3D
170,Ministry Of Road Transport and Highways - World Bank Tenders,1,https://eprocure.gov.in/eprocure/app?component=%24DirectLink&page=FrontEndTendersByOrganisation&service=direct&session=T&sp=SQ3kXVeAHbvjtCa309lC0G9S0Fec7wUuNy1YFXyqSerE%3D
171,Ministry of Shipping,22,https://eprocure.gov.in/eprocure/app?component=%24DirectLink&page=FrontEndTendersByOrganisation&service=direct&session=T&sp=SPj1fp4UyfZSNWcUiqPusHw%3D%3D
172,Mormugao Port Authority,9,https://eprocure.gov.in/eprocure/app?component=%24DirectLink&page=FrontEndTendersByOrganisation&service=direct&session=T&sp=Sd6LB7EruLLs4Lcyx4OV3I9S0Fec7wUuNy1YFXyqSerE%3D
173,Mumbai Port Trust,9,https://eprocure.gov.in/eprocure/app?component=%24DirectLink&page=FrontEndTendersByOrganisation&service=direct&session=T&sp=Sq8vKKJY7XMgxwHpH%2BQDzFtS0Fec7wUuNy1YFXyqSerE%3D
174,Narmada Control Authority,1,https://eprocure.gov.in/eprocure/app?component=%24DirectLink&page=FrontEndTendersByOrganisation&service=direct&session=T&sp=SYpDMBdQG0FrpwCODbQI3htS0Fec7wUuNy1YFXyqSerE%3D
175,National Agri-Food Biotechnology Institute,1,https://eprocure.gov.in/eprocure/app?component=%24DirectLink&page=FrontEndTendersByOrganisation&service=direct&session=T&sp=SLcn4NQ7sGRDd68rgfvicsNS0Fec7wUuNy1YFXyqSerE%3D
176,"National Aluminium Company Limited,NALCO",6,https://eprocure.gov.in/eprocure/app?component=%24DirectLink&page=FrontEndTendersByOrganisation&service=direct&session=T&sp=SVpqWCsLPyf93ARE8ncxNLw%3D%3D
177,National Bank for Agriculture and Rural Development (NABARD),3,https://eprocure.gov.in/eprocure/app?component=%24DirectLink&page=FrontEndTendersByOrganisation&service=direct&session=T&sp=StQGSkgfTAPFsSaqjcZUpWqhl77dSWMTKfeJVodpjiuY%3D
178,National Centre for Earth Science Studies,3,https://eprocure.gov.in/eprocure/app?component=%24DirectLink&page=FrontEndTendersByOrganisation&service=direct&session=T&sp=SFP6ZQzyKoS%2F99M3gj7bSqdS0Fec7wUuNy1YFXyqSerE%3D
179,National Council of Educational Research and Training,2,https://eprocure.gov.in/eprocure/app?component=%24DirectLink&page=FrontEndTendersByOrganisation&service=direct&session=T&sp=SB7He%2F7MAWwv0M0b1%2BB9rLdS0Fec7wUuNy1YFXyqSerE%3D
180,National Council of Science Museums,12,https://eprocure.gov.in/eprocure/app?component=%24DirectLink&page=FrontEndTendersByOrganisation&service=direct&session=T&sp=SAovivzXTaKK1HdOHks8qfNS0Fec7wUuNy1YFXyqSerE%3D
181,National Forensic Sciences University,18,https://eprocure.gov.in/eprocure/app?component=%24DirectLink&page=FrontEndTendersByOrganisation&service=direct&session=T&sp=SQgg6kC4KZAS8wswp3TJIpahl77dSWMTKfeJVodpjiuY%3D
182,National Health Authority,1,https://eprocure.gov.in/eprocure/app?component=%24DirectLink&page=FrontEndTendersByOrganisation&service=direct&session=T&sp=S7MIFQe5vD4UwH5ZGKJ7GZtS0Fec7wUuNy1YFXyqSerE%3D
183,National Highways and Infrastructure Development Corporation,21,https://eprocure.gov.in/eprocure/app?component=%24DirectLink&page=FrontEndTendersByOrganisation&service=direct&session=T&sp=SH66uESK9sTKcMWmINodXENS0Fec7wUuNy1YFXyqSerE%3D
184,National Institute for Micro Small and Medium Enterprises,1,https://eprocure.gov.in/eprocure/app?component=%24DirectLink&page=FrontEndTendersByOrganisation&service=direct&session=T&sp=SPqGijfI63wzuk6rGWNKKa9S0Fec7wUuNy1YFXyqSerE%3D
185,National Institute of Ayurveda,2,https://eprocure.gov.in/eprocure/app?component=%24DirectLink&page=FrontEndTendersByOrganisation&service=direct&session=T&sp=SxfvbMB%2FFgiAj59WtvpDyT9S0Fec7wUuNy1YFXyqSerE%3D
186,National Institute of Biomedical Genomics,1,https://eprocure.gov.in/eprocure/app?component=%24DirectLink&page=FrontEndTendersByOrganisation&service=direct&session=T&sp=SrJnv0TSgvRwTsAnrS2AKZtS0Fec7wUuNy1YFXyqSerE%3D
187,National Institute of Fashion Technology,4,https://eprocure.gov.in/eprocure/app?component=%24DirectLink&page=FrontEndTendersByOrganisation&service=direct&session=T&sp=Ss%2B9hCWsxVmB%2BJXzk6GAwf9S0Fec7wUuNy1YFXyqSerE%3D
188,National Institute of Ocean Technology,10,https://eprocure.gov.in/eprocure/app?component=%24DirectLink&page=FrontEndTendersByOrganisation&service=direct&session=T&sp=SIPImo%2BkLa%2FWA8WtphdjVoNS0Fec7wUuNy1YFXyqSerE%3D
189,National Institute of Plant Genome Research,1,https://eprocure.gov.in/eprocure/app?component=%24DirectLink&page=FrontEndTendersByOrganisation&service=direct&session=T&sp=SFFdtnn9zb3PaUw6ncj6ICdS0Fec7wUuNy1YFXyqSerE%3D
190,National Institute of Rural Development-MoRD,1,https://eprocure.gov.in/eprocure/app?component=%24DirectLink&page=FrontEndTendersByOrganisation&service=direct&session=T&sp=SJkyqYn3WXL5agLZApowbdNS0Fec7wUuNy1YFXyqSerE%3D
191,National Institute of Science Education and Research - Odisha,26,https://eprocure.gov.in/eprocure/app?component=%24DirectLink&page=FrontEndTendersByOrganisation&service=direct&session=T&sp=SJPRBUCHQz0uBQcvW7%2BCy7dS0Fec7wUuNy1YFXyqSerE%3D
192,National Institute of Technology Agartala,5,https://eprocure.gov.in/eprocure/app?component=%24DirectLink&page=FrontEndTendersByOrganisation&service=direct&session=T&sp=S7leXCstBn2SyjZ65s1wXutS0Fec7wUuNy1YFXyqSerE%3D
193,National Institute of Technology Calicut,6,https://eprocure.gov.in/eprocure/app?component=%24DirectLink&page=FrontEndTendersByOrganisation&service=direct&session=T&sp=SS0EnEjQWcb87j2yDHFekqNS0Fec7wUuNy1YFXyqSerE%3D
194,National Institute of Technology Hamirpur,5,https://eprocure.gov.in/eprocure/app?component=%24DirectLink&page=FrontEndTendersByOrganisation&service=direct&session=T&sp=SPoF%2BRBuR9b1XnPShaRCxVtS0Fec7wUuNy1YFXyqSerE%3D
195,National Institute of Technology Jamshedpur,1,https://eprocure.gov.in/eprocure/app?component=%24DirectLink&page=FrontEndTendersByOrganisation&service=direct&session=T&sp=SFf1FY5pVfGTPuQjevvuyI9S0Fec7wUuNy1YFXyqSerE%3D
196,National Institute of Technology Karnataka,4,https://eprocure.gov.in/eprocure/app?component=%24DirectLink&page=FrontEndTendersByOrganisation&service=direct&session=T&sp=SKiPhD7Ny%2FVsWUhaO8dAyJ9S0Fec7wUuNy1YFXyqSerE%3D
197,National Institute of Technology Puducherry,2,https://eprocure.gov.in/eprocure/app?component=%24DirectLink&page=FrontEndTendersByOrganisation&service=direct&session=T&sp=SvVvVSQMnYJoXoXYeB3KAC9S0Fec7wUuNy1YFXyqSerE%3D
198,National Institute of Technology Rourkela,5,https://eprocure.gov.in/eprocure/app?component=%24DirectLink&page=FrontEndTendersByOrganisation&service=direct&session=T&sp=S6fX8u0XdITO16ENERv5bu9S0Fec7wUuNy1YFXyqSerE%3D
199,National Institute of Technology Silchar,5,https://eprocure.gov.in/eprocure/app?component=%24DirectLink&page=FrontEndTendersByOrganisation&service=direct&session=T&sp=Snr9Sw%2BbX5a7NkVtgAsTfWKhl77dSWMTKfeJVodpjiuY%3D
200,National Institute of Technology Srinagar,3,https://eprocure.gov.in/eprocure/app?component=%24DirectLink&page=FrontEndTendersByOrganisation&service=direct&session=T&sp=SNf9jfufQXPNSD4kpJAXwHdS0Fec7wUuNy1YFXyqSerE%3D
201,National Institute of Technology Tiruchirappalli,20,https://eprocure.gov.in/eprocure/app?component=%24DirectLink&page=FrontEndTendersByOrganisation&service=direct&session=T&sp=STzE80zWIEVCtEMOtUEQVpNS0Fec7wUuNy1YFXyqSerE%3D
202,National Institute of Technology Warangal,14,https://eprocure.gov.in/eprocure/app?component=%24DirectLink&page=FrontEndTendersByOrganisation&service=direct&session=T&sp=SKdraXLVIavBBdcbRX1jGVtS0Fec7wUuNy1YFXyqSerE%3D
203,National Institute of Unani Medicine,1,https://eprocure.gov.in/eprocure/app?component=%24DirectLink&page=FrontEndTendersByOrganisation&service=direct&session=T&sp=SO3RkIwgp3Gj9xiN4ydyldqhl77dSWMTKfeJVodpjiuY%3D
204,National Mission for Clean Ganga,1,https://eprocure.gov.in/eprocure/app?component=%24DirectLink&page=FrontEndTendersByOrganisation&service=direct&session=T&sp=SWeLNRg6pxVRUW2l2%2BZZl8dS0Fec7wUuNy1YFXyqSerE%3D
205,National Project Implementation Unit - World Bank Tenders,6,https://eprocure.gov.in/eprocure/app?component=%24DirectLink&page=FrontEndTendersByOrganisation&service=direct&session=T&sp=SEj%2FdNE6WMjHXHfnlz6DrrdS0Fec7wUuNy1YFXyqSerE%3D
206,New Mangalore Port Trust,14,https://eprocure.gov.in/eprocure/app?component=%24DirectLink&page=FrontEndTendersByOrganisation&service=direct&session=T&sp=SYt3%2BPDCNfimuc83Wyzd1%2BNS0Fec7wUuNy1YFXyqSerE%3D
207,NHDC Ltd.,8,https://eprocure.gov.in/eprocure/app?component=%24DirectLink&page=FrontEndTendersByOrganisation&service=direct&session=T&sp=S2Vt2xpCcTsrcfkr9yktxtw%3D%3D
208,NHPC Limited,44,https://eprocure.gov.in/eprocure/app?component=%24DirectLink&page=FrontEndTendersByOrganisation&service=direct&session=T&sp=Sn4DIIowBwZf%2F1zBZWAnw79S0Fec7wUuNy1YFXyqSerE%3D
209,North-Eastern Hill University (NEHU),3,https://eprocure.gov.in/eprocure/app?component=%24DirectLink&page=FrontEndTendersByOrganisation&service=direct&session=T&sp=SaDULMM0rZYCHV17SBZd7fahl77dSWMTKfeJVodpjiuY%3D
210,Nuclear Fuel Complex,14,https://eprocure.gov.in/eprocure/app?component=%24DirectLink&page=FrontEndTendersByOrganisation&service=direct&session=T&sp=ScRxKk4AOokNjmCMr86c6adS0Fec7wUuNy1YFXyqSerE%3D
211,Nuclear Recycle Board,13,https://eprocure.gov.in/eprocure/app?component=%24DirectLink&page=FrontEndTendersByOrganisation&service=direct&session=T&sp=SdZ72y%2FvHnrEh1Zwk%2FiKm59S0Fec7wUuNy1YFXyqSerE%3D
212,Numaligarh Refinery Limited,24,https://eprocure.gov.in/eprocure/app?component=%24DirectLink&page=FrontEndTendersByOrganisation&service=direct&session=T&sp=Sv%2FdI0%2FqYH%2FJ3hstBFYa10tS0Fec7wUuNy1YFXyqSerE%3D
213,Petroleum and Natural Gas Regulatory Board,3,https://eprocure.gov.in/eprocure/app?component=%24DirectLink&page=FrontEndTendersByOrganisation&service=direct&session=T&sp=SmKw5Fd3JSMfQ64esRbEaItS0Fec7wUuNy1YFXyqSerE%3D
214,Pondicherry University,3,https://eprocure.gov.in/eprocure/app?component=%24DirectLink&page=FrontEndTendersByOrganisation&service=direct&session=T&sp=SkBpUSZko7C7OVoZW0f6zzNS0Fec7wUuNy1YFXyqSerE%3D
215,Postgraduate Institute of Medical and Education and Research Chandigarh,35,https://eprocure.gov.in/eprocure/app?component=%24DirectLink&page=FrontEndTendersByOrganisation&service=direct&session=T&sp=SHvzyXLXagsLVpLwTo%2FWnhdS0Fec7wUuNy1YFXyqSerE%3D
216,President Secretariat,1,https://eprocure.gov.in/eprocure/app?component=%24DirectLink&page=FrontEndTendersByOrganisation&service=direct&session=T&sp=Sc%2FSF9cWRvZ0lYvYSV6hYVtS0Fec7wUuNy1YFXyqSerE%3D
217,"Projects and Development India Limited, Fert",3,https://eprocure.gov.in/eprocure/app?component=%24DirectLink&page=FrontEndTendersByOrganisation&service=direct&session=T&sp=S5FIu7XOOxbx9wOqkqqWHx9S0Fec7wUuNy1YFXyqSerE%3D
218,Rajasthan Electronics and Instruments Limited,3,https://eprocure.gov.in/eprocure/app?component=%24DirectLink&page=FrontEndTendersByOrganisation&service=direct&session=T&sp=SxzpoUjP5AzvQwCGvV%2F4DNNS0Fec7wUuNy1YFXyqSerE%3D
219,Rajiv Gandhi Centre for Aquaculture (RGCA),2,https://eprocure.gov.in/eprocure/app?component=%24DirectLink&page=FrontEndTendersByOrganisation&service=direct&session=T&sp=ST8y6UZCjX6JJwBPq6kILc9S0Fec7wUuNy1YFXyqSerE%3D
220,Rajiv Gandhi Institute of Petroleum Technology,2,https://eprocure.gov.in/eprocure/app?component=%24DirectLink&page=FrontEndTendersByOrganisation&service=direct&session=T&sp=Son6lalFRodcR7eP%2BuxBS2tS0Fec7wUuNy1YFXyqSerE%3D
221,Rashtriya Chemicals and Fertilizers Ltd.,10,https://eprocure.gov.in/eprocure/app?component=%24DirectLink&page=FrontEndTendersByOrganisation&service=direct&session=T&sp=SwwNwnkHC63IAe8zJ%2BO%2BKNtS0Fec7wUuNy1YFXyqSerE%3D
222,Regional Institute of Medical Sciences,20,https://eprocure.gov.in/eprocure/app?component=%24DirectLink&page=FrontEndTendersByOrganisation&service=direct&session=T&sp=SNoXBYsZaIPwYTDWyOOfNtNS0Fec7wUuNy1YFXyqSerE%3D
223,ReserveBank Information technology Pvt Ltd.,3,https://eprocure.gov.in/eprocure/app?component=%24DirectLink&page=FrontEndTendersByOrganisation&service=direct&session=T&sp=SewM79XZP150S0HYFFzAkLtS0Fec7wUuNy1YFXyqSerE%3D
224,Rural Health Training Centre Najafgarh New Delhi,1,https://eprocure.gov.in/eprocure/app?component=%24DirectLink&page=FrontEndTendersByOrganisation&service=direct&session=T&sp=STPcGgoSfix6R0%2BYO8ziGmahl77dSWMTKfeJVodpjiuY%3D
225,Sahitya Akademi,4,https://eprocure.gov.in/eprocure/app?component=%24DirectLink&page=FrontEndTendersByOrganisation&service=direct&session=T&sp=SiNd4wFYSVofMq9drAMc%2Fk9S0Fec7wUuNy1YFXyqSerE%3D
226,School of Planning and Architecture - Vijayawada,1,https://eprocure.gov.in/eprocure/app?component=%24DirectLink&page=FrontEndTendersByOrganisation&service=direct&session=T&sp=Siz8Q6IFdmPGIhOn622iuTtS0Fec7wUuNy1YFXyqSerE%3D
227,Seamens Provident Fund Organisation,1,https://eprocure.gov.in/eprocure/app?component=%24DirectLink&page=FrontEndTendersByOrganisation&service=direct&session=T&sp=SGlyeXubI7lUB13QilLqiOtS0Fec7wUuNy1YFXyqSerE%3D
228,Semi-Conductor Laboratory (SCL),6,https://eprocure.gov.in/eprocure/app?component=%24DirectLink&page=FrontEndTendersByOrganisation&service=direct&session=T&sp=SBI6tGthjScowfcDkJPemyKhl77dSWMTKfeJVodpjiuY%3D
229,Sikkim University,1,https://eprocure.gov.in/eprocure/app?component=%24DirectLink&page=FrontEndTendersByOrganisation&service=direct&session=T&sp=SOmoFMBFKu6%2Bo7fIEoQL9O9S0Fec7wUuNy1YFXyqSerE%3D
230,Sports Authority of India,12,https://eprocure.gov.in/eprocure/app?component=%24DirectLink&page=FrontEndTendersByOrganisation&service=direct&session=T&sp=SPv9ocG08bS43U4itO7HIntS0Fec7wUuNy1YFXyqSerE%3D
231,Staff Selection Commission,1,https://eprocure.gov.in/eprocure/app?component=%24DirectLink&page=FrontEndTendersByOrganisation&service=direct&session=T&sp=ST%2Fotx%2F4kAp9tXwim4QTuNNS0Fec7wUuNy1YFXyqSerE%3D
232,Survey of India,2,https://eprocure.gov.in/eprocure/app?component=%24DirectLink&page=FrontEndTendersByOrganisation&service=direct&session=T&sp=Sc4hismch%2BCmoyMP5Wjkgk9S0Fec7wUuNy1YFXyqSerE%3D
233,S. V. National Institute of Technology-Surat,9,https://eprocure.gov.in/eprocure/app?component=%24DirectLink&page=FrontEndTendersByOrganisation&service=direct&session=T&sp=SSrEuPFQZdKRSoVYniKLfe9S0Fec7wUuNy1YFXyqSerE%3D
234,Tata Institute of Social Sciences,1,https://eprocure.gov.in/eprocure/app?component=%24DirectLink&page=FrontEndTendersByOrganisation&service=direct&session=T&sp=SQU5WZ7Jqj9cJZTaGCTR6fahl77dSWMTKfeJVodpjiuY%3D
235,Tata Memorial Centre,29,https://eprocure.gov.in/eprocure/app?component=%24DirectLink&page=FrontEndTendersByOrganisation&service=direct&session=T&sp=SCCBXiLVTjE99ADezGmG2sdS0Fec7wUuNy1YFXyqSerE%3D
236,Textiles Committee,1,https://eprocure.gov.in/eprocure/app?component=%24DirectLink&page=FrontEndTendersByOrganisation&service=direct&session=T&sp=Ssd40x65fCbfg1j3CCZWLxNS0Fec7wUuNy1YFXyqSerE%3D
237,Tezpur University,4,https://eprocure.gov.in/eprocure/app?component=%24DirectLink&page=FrontEndTendersByOrganisation&service=direct&session=T&sp=SLwC3yvOTSIOFjIw8d5BvOdS0Fec7wUuNy1YFXyqSerE%3D
238,THDC India Limited,14,https://eprocure.gov.in/eprocure/app?component=%24DirectLink&page=FrontEndTendersByOrganisation&service=direct&session=T&sp=SSLJHoAzsxYwnuICX2GNwktS0Fec7wUuNy1YFXyqSerE%3D
239,The Bombay Textile Research Association,1,https://eprocure.gov.in/eprocure/app?component=%24DirectLink&page=FrontEndTendersByOrganisation&service=direct&session=T&sp=SaIXuXbBJD1p0c09Bijmw6dS0Fec7wUuNy1YFXyqSerE%3D
240,The Fertilisers And Chemicals Travancore Ltd.,44,https://eprocure.gov.in/eprocure/app?component=%24DirectLink&page=FrontEndTendersByOrganisation&service=direct&session=T&sp=SgyDwsRKRggBHllDRVBe6LdS0Fec7wUuNy1YFXyqSerE%3D
241,The Institute of Mathematical Sciences,1,https://eprocure.gov.in/eprocure/app?component=%24DirectLink&page=FrontEndTendersByOrganisation&service=direct&session=T&sp=ShNqME80lXtA6jZ2UtdIOB9S0Fec7wUuNy1YFXyqSerE%3D
242,Thermax Limited Pune - DST,1,https://eprocure.gov.in/eprocure/app?component=%24DirectLink&page=FrontEndTendersByOrganisation&service=direct&session=T&sp=Sy7xyPKfLY%2FKOvWv4mG%2BrGNS0Fec7wUuNy1YFXyqSerE%3D
243,Translational Health Sci. and Tech. Inst. DoBT,3,https://eprocure.gov.in/eprocure/app?component=%24DirectLink&page=FrontEndTendersByOrganisation&service=direct&session=T&sp=SxWbfloWYJwkmJdNrLBGVANS0Fec7wUuNy1YFXyqSerE%3D
244,Tripura University,4,https://eprocure.gov.in/eprocure/app?component=%24DirectLink&page=FrontEndTendersByOrganisation&service=direct&session=T&sp=SEeGx05geULuuZf4MeWLjQahl77dSWMTKfeJVodpjiuY%3D
245,University of Allahabad,4,https://eprocure.gov.in/eprocure/app?component=%24DirectLink&page=FrontEndTendersByOrganisation&service=direct&session=T&sp=SkOoiSniRMZcFIvQi38oYcdS0Fec7wUuNy1YFXyqSerE%3D
246,University of Hyderabad,3,https://eprocure.gov.in/eprocure/app?component=%24DirectLink&page=FrontEndTendersByOrganisation&service=direct&session=T&sp=S%2B80qYWmNozX7pfDUIO6%2FAdS0Fec7wUuNy1YFXyqSerE%3D
247,Variable Energy Cyclotron Centre,2,https://eprocure.gov.in/eprocure/app?component=%24DirectLink&page=FrontEndTendersByOrganisation&service=direct&session=T&sp=SBLYK5cbic9j9HmwrRwo%2B%2BdS0Fec7wUuNy1YFXyqSerE%3D
248,Visakhapatnam Special Economic Zone Authority,1,https://eprocure.gov.in/eprocure/app?component=%24DirectLink&page=FrontEndTendersByOrganisation&service=direct&session=T&sp=SyAbj7bR2nwUtIHav9Zix09S0Fec7wUuNy1YFXyqSerE%3D
249,Visva-Bharati,3,https://eprocure.gov.in/eprocure/app?component=%24DirectLink&page=FrontEndTendersByOrganisation&service=direct&session=T&sp=S5HGKuScBnD5Lc2y9eBrn5tS0Fec7wUuNy1YFXyqSerE%3D
250,Water Resource Department,1,https://eprocure.gov.in/eprocure/app?component=%24DirectLink&page=FrontEndTendersByOrganisation&service=direct&session=T&sp=SaFLtaxRjp1XZTpZAzubYLtS0Fec7wUuNy1YFXyqSerE%3D
251,Zoological Survey of India,1,https://eprocure.gov.in/eprocure/app?component=%24DirectLink&page=FrontEndTendersByOrganisation&service=direct&session=T&sp=S4ceTQ0ct%2Bwxi0sudvN6jPtS0Fec7wUuNy1YFXyqSerE%3D
